"SPEC","Freq","aphiaID","ScientificName","Kingdom","Phylum","Class","Order","Family","Genus","Species"
"Acanella arbuscula",17,125371,"Acanella arbuscula","Animalia","Cnidaria","Anthozoa","Alcyonacea","Keratoisididae","Acanella","Acanella arbuscula"
"Acanthephyra eximia",1,564909,"Acanthephyra eximia","Animalia","Arthropoda","Malacostraca","Decapoda","Acanthephyridae","Acanthephyra","Acanthephyra eximia"
"Acanthephyra purpurea",10,107582,"Acanthephyra purpurea","Animalia","Arthropoda","Malacostraca","Decapoda","Acanthephyridae","Acanthephyra","Acanthephyra purpurea"
"Acanthogorgia armata",11,125348,"Acanthogorgia armata","Animalia","Cnidaria","Anthozoa","Alcyonacea","Acanthogorgiidae","Acanthogorgia","Acanthogorgia armata"
"Acipenser oxyrhynchus",6,157870,"Acipenser oxyrhynchus","Animalia","Chordata","Actinopteri","Acipenseriformes","Acipenseridae","Acipenser","Acipenser oxyrhynchus"
"Actiniidae",37,100653,"Actiniidae","Animalia","Cnidaria","Anthozoa","Actiniaria","Actiniidae",NA,NA
"Actinostola",48,100709,"Actinostola","Animalia","Cnidaria","Anthozoa","Actiniaria","Actinostolidae","Actinostola",NA
"Aega psora",4,118827,"Aega psora","Animalia","Arthropoda","Malacostraca","Isopoda","Aegidae","Aega","Aega psora"
"Agarum cribrosum",8,495975,"Agarum cribrosum","Chromista","Ochrophyta","Phaeophyceae","Laminariales","Agaraceae","Agarum","Agarum cribrosum"
"Agriopoma morrhuanum",11,594424,"Agriopoma morrhuanum","Animalia","Mollusca","Bivalvia","Venerida","Veneridae","Agriopoma","Agriopoma morrhuanum"
"Alaria esculenta",2,145716,"Alaria esculenta","Chromista","Ochrophyta","Phaeophyceae","Laminariales","Alariaceae","Alaria","Alaria esculenta"
"Alcyonium digitatum",24,125333,"Alcyonium digitatum","Animalia","Cnidaria","Anthozoa","Alcyonacea","Alcyoniidae","Alcyonium","Alcyonium digitatum"
"Aldrovandia",28,125837,"Aldrovandia","Animalia","Chordata","Actinopteri","Notacanthiformes","Halosauridae","Aldrovandia",NA
"Alepisaurus brevirostris",1,126332,"Alepisaurus brevirostris","Animalia","Chordata","Actinopteri","Aulopiformes","Alepisauridae","Alepisaurus","Alepisaurus brevirostris"
"Alepisaurus ferox",1,126333,"Alepisaurus ferox","Animalia","Chordata","Actinopteri","Aulopiformes","Alepisauridae","Alepisaurus","Alepisaurus ferox"
"Alepocephalus agassizii",28,126681,"Alepocephalus agassizii","Animalia","Chordata","Actinopteri","Alepocephaliformes","Alepocephalidae","Alepocephalus","Alepocephalus agassizii"
"Alepocephalus bairdii",10,126682,"Alepocephalus bairdii","Animalia","Chordata","Actinopteri","Alepocephaliformes","Alepocephalidae","Alepocephalus","Alepocephalus bairdii"
"Alosa aestivalis",93,158667,"Alosa aestivalis","Animalia","Chordata","Actinopteri","Clupeiformes","Clupeidae","Alosa","Alosa aestivalis"
"Alosa pseudoharengus",2305,158669,"Alosa pseudoharengus","Animalia","Chordata","Actinopteri","Clupeiformes","Clupeidae","Alosa","Alosa pseudoharengus"
"Alosa sapidissima",880,158670,"Alosa sapidissima","Animalia","Chordata","Actinopteri","Clupeiformes","Clupeidae","Alosa","Alosa sapidissima"
"Amblyraja jenseni",2,105864,"Amblyraja jenseni","Animalia","Chordata","Elasmobranchii","Rajiformes","Rajidae","Amblyraja","Amblyraja jenseni"
"Amblyraja radiata",6643,105865,"Amblyraja radiata","Animalia","Chordata","Elasmobranchii","Rajiformes","Rajidae","Amblyraja","Amblyraja radiata"
"Ammodytes",1912,125909,"Ammodytes","Animalia","Chordata","Actinopteri","Perciformes","Ammodytidae","Ammodytes",NA
"Ampelisca",1,101445,"Ampelisca","Animalia","Arthropoda","Malacostraca","Amphipoda","Ampeliscidae","Ampelisca",NA
"Anarhichas denticulatus",52,126757,"Anarhichas denticulatus","Animalia","Chordata","Actinopteri","Perciformes","Anarhichadidae","Anarhichas","Anarhichas denticulatus"
"Anarhichas lupus",2323,126758,"Anarhichas lupus","Animalia","Chordata","Actinopteri","Perciformes","Anarhichadidae","Anarhichas","Anarhichas lupus"
"Anarhichas minor",35,126759,"Anarhichas minor","Animalia","Chordata","Actinopteri","Perciformes","Anarhichadidae","Anarhichas","Anarhichas minor"
"Anguilla rostrata",7,158562,"Anguilla rostrata","Animalia","Chordata","Actinopteri","Anguilliformes","Anguillidae","Anguilla","Anguilla rostrata"
"Anomia",16,137650,"Anomia","Animalia","Mollusca","Bivalvia","Pectinida","Anomiidae","Anomia",NA
"Anonyx",13,101592,"Anonyx","Animalia","Arthropoda","Malacostraca","Amphipoda","Uristidae","Anonyx",NA
"Anoplogaster cornuta",10,126393,"Anoplogaster cornuta","Animalia","Chordata","Actinopteri","Trachichthyiformes","Anoplogastridae","Anoplogaster","Anoplogaster cornuta"
"Anotopterus pharao",4,126334,"Anotopterus pharao","Animalia","Chordata","Actinopteri","Aulopiformes","Anotopteridae","Anotopterus","Anotopterus pharao"
"Anthias nicholsi",5,159344,"Anthias nicholsi","Animalia","Chordata","Actinopteri","Perciformes","Serranidae","Anthias","Anthias nicholsi"
"Anthomastus grandiflorus",6,125335,"Anthomastus grandiflorus","Animalia","Cnidaria","Anthozoa","Alcyonacea","Alcyoniidae","Anthomastus","Anthomastus grandiflorus"
"Anthoptilum grandiflorum",16,128504,"Anthoptilum grandiflorum","Animalia","Cnidaria","Anthozoa","Pennatulacea","Anthoptilidae","Anthoptilum","Anthoptilum grandiflorum"
"Antigonia capros",7,127418,"Antigonia capros","Animalia","Chordata","Actinopteri","Acanthuriformes","Caproidae","Antigonia","Antigonia capros"
"Antimora rostrata",36,126486,"Antimora rostrata","Animalia","Chordata","Actinopteri","Gadiformes","Moridae","Antimora","Antimora rostrata"
"Aphanopus carbo",3,127085,"Aphanopus carbo","Animalia","Chordata","Actinopteri","Scombriformes","Trichiuridae","Aphanopus","Aphanopus carbo"
"Aphrodita hastata",658,157181,"Aphrodita hastata","Animalia","Annelida","Polychaeta","Phyllodocida","Aphroditidae","Aphrodita","Aphrodita hastata"
"Apristurus",36,105727,"Apristurus","Animalia","Chordata","Elasmobranchii","Carcharhiniformes","Pentanchidae","Apristurus",NA
"Arbacia punctulata",9,158058,"Arbacia punctulata","Animalia","Echinodermata","Echinoidea","Arbacioida","Arbaciidae","Arbacia","Arbacia punctulata"
"Arcoscalpellum michelottianum",2,106182,"Arcoscalpellum michelottianum","Animalia","Arthropoda","Thecostraca","Scalpellomorpha","Scalpellidae","Arcoscalpellum","Arcoscalpellum michelottianum"
"Arctica islandica",82,138802,"Arctica islandica","Animalia","Mollusca","Bivalvia","Venerida","Arcticidae","Arctica","Arctica islandica"
"Arenicola marina",1,129868,"Arenicola marina","Animalia","Annelida","Polychaeta",NA,"Arenicolidae","Arenicola","Arenicola marina"
"Argentina silus",1461,126715,"Argentina silus","Animalia","Chordata","Actinopteri","Argentiniformes","Argentinidae","Argentina","Argentina silus"
"Argis dentata",375,107550,"Argis dentata","Animalia","Arthropoda","Malacostraca","Decapoda","Crangonidae","Argis","Argis dentata"
"Argyropelecus aculeatus",36,127306,"Argyropelecus aculeatus","Animalia","Chordata","Actinopteri","Stomiiformes","Sternoptychidae","Argyropelecus","Argyropelecus aculeatus"
"Argyropelecus gigas",2,127308,"Argyropelecus gigas","Animalia","Chordata","Actinopteri","Stomiiformes","Sternoptychidae","Argyropelecus","Argyropelecus gigas"
"Ariomma bondi",1,159592,"Ariomma bondi","Animalia","Chordata","Actinopteri","Scombriformes","Ariommatidae","Ariomma","Ariomma bondi"
"Aristaeopsis edwardsiana",11,240796,"Aristaeopsis edwardsiana","Animalia","Arthropoda","Malacostraca","Decapoda","Aristeidae","Aristaeopsis","Aristaeopsis edwardsiana"
"Aristostomias",3,126201,"Aristostomias","Animalia","Chordata","Actinopteri","Stomiiformes","Stomiidae","Aristostomias",NA
"Arrhis phyllonyx",4,102870,"Arrhis phyllonyx","Animalia","Arthropoda","Malacostraca","Amphipoda","Oedicerotidae","Arrhis","Arrhis phyllonyx"
"Arrhoges occidentalis",15,531617,"Arrhoges occidentalis","Animalia","Mollusca","Gastropoda","Littorinimorpha","Aporrhaidae","Arrhoges","Arrhoges occidentalis"
"Artediellus",1083,126147,"Artediellus","Animalia","Chordata","Actinopteri","Perciformes","Cottidae","Artediellus",NA
"Ascidiacea",1027,1839,"Ascidiacea","Animalia","Chordata","Ascidiacea",NA,NA,NA,NA
"Ascophyllum nodosum",64,145541,"Ascophyllum nodosum","Chromista","Ochrophyta","Phaeophyceae","Fucales","Fucaceae","Ascophyllum","Ascophyllum nodosum"
"Aspidophoroides monopterygius",1665,159459,"Aspidophoroides monopterygius","Animalia","Chordata","Actinopteri","Perciformes","Agonidae","Aspidophoroides","Aspidophoroides monopterygius"
"Aspidophoroides olriki",13,309267,"Aspidophoroides olriki","Animalia","Chordata","Actinopteri","Perciformes","Agonidae","Aspidophoroides","Aspidophoroides olriki"
"Astarte",54,137683,"Astarte","Animalia","Mollusca","Bivalvia","Carditida","Astartidae","Astarte",NA
"Asterias",1970,123219,"Asterias","Animalia","Echinodermata","Asteroidea","Forcipulatida","Asteriidae","Asterias",NA
"Astropecten americanus",68,158490,"Astropecten americanus","Animalia","Echinodermata","Asteroidea","Paxillosida","Astropectinidae","Astropecten","Astropecten americanus"
"Astropecten duplicatus",1,178650,"Astropecten duplicatus","Animalia","Echinodermata","Asteroidea","Paxillosida","Astropectinidae","Astropecten","Astropecten duplicatus"
"Atlantopandalus propinqvus",162,158351,"Atlantopandalus propinqvus","Animalia","Arthropoda","Malacostraca","Decapoda","Pandalidae","Atlantopandalus","Atlantopandalus propinqvus"
"Atolla wyvillei",2,135282,"Atolla wyvillei","Animalia","Cnidaria","Scyphozoa","Coronatae","Atollidae","Atolla","Atolla wyvillei"
"Aurelia aurita",6,135306,"Aurelia aurita","Animalia","Cnidaria","Scyphozoa","Semaeostomeae","Ulmaridae","Aurelia","Aurelia aurita"
"Axius serratus",23,158379,"Axius serratus","Animalia","Arthropoda","Malacostraca","Decapoda","Axiidae","Axius","Axius serratus"
"Bajacalifornia megalops",3,126687,"Bajacalifornia megalops","Animalia","Chordata","Actinopteri","Alepocephaliformes","Alepocephalidae","Bajacalifornia","Bajacalifornia megalops"
"Balanidae",26,106057,"Balanidae","Animalia","Arthropoda","Thecostraca","Balanomorpha","Balanidae",NA,NA
"Balistes capriscus",1,154721,"Balistes capriscus","Animalia","Chordata","Actinopteri","Tetraodontiformes","Balistidae","Balistes","Balistes capriscus"
"Bassogigas gilli",2,217793,"Bassogigas gilli","Animalia","Chordata","Actinopteri","Ophidiiformes","Ophidiidae","Bassogigas","Bassogigas gilli"
"Bathygadus melanobranchus",1,126463,"Bathygadus melanobranchus","Animalia","Chordata","Actinopteri","Gadiformes","Macrouridae","Bathygadus","Bathygadus melanobranchus"
"Bathylagus bericoides",7,158720,"Bathylagus bericoides","Animalia","Chordata","Actinopteri","Argentiniformes","Bathylagidae","Bathylagus","Bathylagus bericoides"
"Bathylagus euryops",32,126719,"Bathylagus euryops","Animalia","Chordata","Actinopteri","Argentiniformes","Bathylagidae","Bathylagus","Bathylagus euryops"
"Bathynectes longispina",1,394995,"Bathynectes longispina","Animalia","Arthropoda","Malacostraca","Decapoda","Polybiidae","Bathynectes","Bathynectes longispina"
"Bathynectes maravigna",4,107377,"Bathynectes maravigna","Animalia","Arthropoda","Malacostraca","Decapoda","Polybiidae","Bathynectes","Bathynectes maravigna"
"Bathypolypus",1250,138265,"Bathypolypus","Animalia","Mollusca","Cephalopoda","Octopoda","Bathypolypodidae","Bathypolypus",NA
"Bathypterois",11,125669,"Bathypterois","Animalia","Chordata","Actinopteri","Aulopiformes","Ipnopidae","Bathypterois",NA
"Bathyraja spinicauda",2,105868,"Bathyraja spinicauda","Animalia","Chordata","Elasmobranchii","Rajiformes","Arhynchobatidae","Bathyraja","Bathyraja spinicauda"
"Bathysaurus ferox",8,126369,"Bathysaurus ferox","Animalia","Chordata","Actinopteri","Aulopiformes","Bathysauridae","Bathysaurus","Bathysaurus ferox"
"Bathytroctes microlepis",1,126693,"Bathytroctes microlepis","Animalia","Chordata","Actinopteri","Alepocephaliformes","Alepocephalidae","Bathytroctes","Bathytroctes microlepis"
"Benthodesmus simonyi",20,127087,"Benthodesmus simonyi","Animalia","Chordata","Actinopteri","Scombriformes","Trichiuridae","Benthodesmus","Benthodesmus simonyi"
"Beringius turtoni",4,138855,"Beringius turtoni","Animalia","Mollusca","Gastropoda","Neogastropoda","Buccinidae","Beringius","Beringius turtoni"
"Beryx decadactylus",1,126394,"Beryx decadactylus","Animalia","Chordata","Actinopteri","Beryciformes","Berycidae","Beryx","Beryx decadactylus"
"Bolocera",79,100698,"Bolocera","Animalia","Cnidaria","Anthozoa","Actiniaria","Actiniidae","Bolocera",NA
"Boltenia ovifera",31,103815,"Boltenia ovifera","Animalia","Chordata","Ascidiacea","Stolidobranchia","Pyuridae","Boltenia","Boltenia ovifera"
"Boreogadus saida",1,126433,"Boreogadus saida","Animalia","Chordata","Actinopteri","Gadiformes","Gadidae","Boreogadus","Boreogadus saida"
"Borostomias antarcticus",21,127334,"Borostomias antarcticus","Animalia","Chordata","Actinopteri","Stomiiformes","Stomiidae","Borostomias","Borostomias antarcticus"
"Bothus",1,126110,"Bothus","Animalia","Chordata","Actinopteri","Pleuronectiformes","Bothidae","Bothus",NA
"Brevoortia tyrannus",5,158691,"Brevoortia tyrannus","Animalia","Chordata","Actinopteri","Clupeiformes","Clupeidae","Brevoortia","Brevoortia tyrannus"
"Brisaster fragilis",92,124404,"Brisaster fragilis","Animalia","Echinodermata","Echinoidea","Spatangoida","Schizasteridae","Brisaster","Brisaster fragilis"
"Brosme brosme",1109,126447,"Brosme brosme","Animalia","Chordata","Actinopteri","Gadiformes","Lotidae","Brosme","Brosme brosme"
"Bryozoa",275,146142,"Bryozoa","Animalia","Bryozoa",NA,NA,NA,NA,NA
"Buccinum",950,137701,"Buccinum","Animalia","Mollusca","Gastropoda","Neogastropoda","Buccinidae","Buccinum",NA
"Caelorinchus caelorinchus",3,154706,"Caelorinchus caelorinchus","Animalia","Chordata","Actinopteri","Gadiformes","Macrouridae","Caelorinchus","Caelorinchus caelorinchus"
"Calathura brachiata",20,118497,"Calathura brachiata","Animalia","Arthropoda","Malacostraca","Isopoda","Leptanthuridae","Calathura","Calathura brachiata"
"Callionymus",2,125930,"Callionymus","Animalia","Chordata","Actinopteri","Callionymiformes","Callionymidae","Callionymus",NA
"Calliostoma occidentale",1,141765,"Calliostoma occidentale","Animalia","Mollusca","Gastropoda","Trochida","Calliostomatidae","Calliostoma","Calliostoma occidentale"
"Cancer borealis",2090,158056,"Cancer borealis","Animalia","Arthropoda","Malacostraca","Decapoda","Cancridae","Cancer","Cancer borealis"
"Cancer irroratus",1363,158057,"Cancer irroratus","Animalia","Arthropoda","Malacostraca","Decapoda","Cancridae","Cancer","Cancer irroratus"
"Carcharias taurus",1,105843,"Carcharias taurus","Animalia","Chordata","Elasmobranchii","Lamniformes","Odontaspididae","Carcharias","Carcharias taurus"
"Careproctus longipinnis",4,146774,"Careproctus longipinnis","Animalia","Chordata","Actinopteri","Perciformes","Liparidae","Careproctus","Careproctus longipinnis"
"Careproctus ranula",5,159523,"Careproctus ranula","Animalia","Chordata","Actinopteri","Perciformes","Liparidae","Careproctus","Careproctus ranula"
"Careproctus reinhardti",34,127212,"Careproctus reinhardti","Animalia","Chordata","Actinopteri","Perciformes","Liparidae","Careproctus","Careproctus reinhardti"
"Cataetyx laticeps",1,126657,"Cataetyx laticeps","Animalia","Chordata","Actinopteri","Ophidiiformes","Bythitidae","Cataetyx","Cataetyx laticeps"
"Caudina arenata",1,152559,"Caudina arenata","Animalia","Echinodermata","Holothuroidea","Molpadida","Caudinidae","Caudina","Caudina arenata"
"Centropristis striata",4,159348,"Centropristis striata","Animalia","Chordata","Actinopteri","Perciformes","Serranidae","Centropristis","Centropristis striata"
"Centroscyllium fabricii",271,105906,"Centroscyllium fabricii","Animalia","Chordata","Elasmobranchii","Squaliformes","Etmopteridae","Centroscyllium","Centroscyllium fabricii"
"Centroscymnus coelolepis",28,105907,"Centroscymnus coelolepis","Animalia","Chordata","Elasmobranchii","Squaliformes","Somniosidae","Centroscymnus","Centroscymnus coelolepis"
"Ceramaster granularis",311,124020,"Ceramaster granularis","Animalia","Echinodermata","Asteroidea","Valvatida","Goniasteridae","Ceramaster","Ceramaster granularis"
"Cerastoderma pinnulatum",4,156756,"Cerastoderma pinnulatum","Animalia","Mollusca","Bivalvia","Cardiida","Cardiidae","Cerastoderma","Cerastoderma pinnulatum"
"Ceratias holboelli",1,126537,"Ceratias holboelli","Animalia","Chordata","Actinopteri","Lophiiformes","Ceratiidae","Ceratias","Ceratias holboelli"
"Chaceon quinquedens",119,158407,"Chaceon quinquedens","Animalia","Arthropoda","Malacostraca","Decapoda","Geryonidae","Chaceon","Chaceon quinquedens"
"Chauliodus sloani",74,127338,"Chauliodus sloani","Animalia","Chordata","Actinopteri","Stomiiformes","Stomiidae","Chauliodus","Chauliodus sloani"
"Chaunax",1,125796,"Chaunax","Animalia","Chordata","Actinopteri","Lophiiformes","Chaunacidae","Chaunax",NA
"Chiasmodon",24,125956,"Chiasmodon","Animalia","Chordata","Actinopteri","Scombriformes","Chiasmodontidae","Chiasmodon",NA
"Chionoecetes opilio",2304,107315,"Chionoecetes opilio","Animalia","Arthropoda","Malacostraca","Decapoda","Oregoniidae","Chionoecetes","Chionoecetes opilio"
"Chiridota laevis",1,124434,"Chiridota laevis","Animalia","Echinodermata","Holothuroidea","Apodida","Chiridotidae","Chiridota","Chiridota laevis"
"Chlamys islandica",499,140692,"Chlamys islandica","Animalia","Mollusca","Bivalvia","Pectinida","Pectinidae","Chlamys","Chlamys islandica"
"Chlorophthalmus agassizi",137,126336,"Chlorophthalmus agassizi","Animalia","Chordata","Actinopteri","Aulopiformes","Chlorophthalmidae","Chlorophthalmus","Chlorophthalmus agassizi"
"Chrysogorgia agassizii",5,125351,"Chrysogorgia agassizii","Animalia","Cnidaria","Anthozoa","Alcyonacea","Chrysogorgiidae","Chrysogorgia","Chrysogorgia agassizii"
"Ciliatocardium ciliatum",1,139000,"Ciliatocardium ciliatum","Animalia","Mollusca","Bivalvia","Cardiida","Cardiidae","Ciliatocardium","Ciliatocardium ciliatum"
"Cirroteuthis",1,153091,"Cirroteuthis","Animalia","Mollusca","Cephalopoda","Octopoda","Cirroteuthidae","Cirroteuthis",NA
"Citharichthys arctifrons",807,158791,"Citharichthys arctifrons","Animalia","Chordata","Actinopteri","Pleuronectiformes","Paralichthyidae","Citharichthys","Citharichthys arctifrons"
"Clupea harengus",5942,126417,"Clupea harengus","Animalia","Chordata","Actinopteri","Clupeiformes","Clupeidae","Clupea","Clupea harengus"
"Colossendeis",1,134586,"Colossendeis","Animalia","Arthropoda","Pycnogonida","Pantopoda","Colossendeidae","Colossendeis",NA
"Colus",154,137704,"Colus","Animalia","Mollusca","Gastropoda","Neogastropoda","Colidae","Colus",NA
"Conger",10,125624,"Conger","Animalia","Chordata","Actinopteri","Anguilliformes","Congridae","Conger",NA
"Conocara salmonea",3,301785,"Conocara salmonea","Animalia","Chordata","Actinopteri","Alepocephaliformes","Alepocephalidae","Conocara","Conocara salmonea"
"Cookeolus boops",1,218359,"Cookeolus boops","Animalia","Chordata","Actinopteri","Eupercaria incertae sedis","Priacanthidae","Cookeolus","Cookeolus boops"
"Coryphaenoides carapinus",1,158956,"Coryphaenoides carapinus","Animalia","Chordata","Actinopteri","Gadiformes","Macrouridae","Coryphaenoides","Coryphaenoides carapinus"
"Coryphaenoides rupestris",87,158960,"Coryphaenoides rupestris","Animalia","Chordata","Actinopteri","Gadiformes","Macrouridae","Coryphaenoides","Coryphaenoides rupestris"
"Cottunculus microps",73,127235,"Cottunculus microps","Animalia","Chordata","Actinopteri","Perciformes","Psychrolutidae","Cottunculus","Cottunculus microps"
"Cottunculus thompsoni",27,183101,"Cottunculus thompsoni","Animalia","Chordata","Actinopteri","Perciformes","Psychrolutidae","Cottunculus","Cottunculus thompsoni"
"Crangon septemspinosa",612,158355,"Crangon septemspinosa","Animalia","Arthropoda","Malacostraca","Decapoda","Crangonidae","Crangon","Crangon septemspinosa"
"Crossaster papposus",1015,124154,"Crossaster papposus","Animalia","Echinodermata","Asteroidea","Valvatida","Solasteridae","Crossaster","Crossaster papposus"
"Cryptacanthodes maculatus",208,159675,"Cryptacanthodes maculatus","Animalia","Chordata","Actinopteri","Perciformes","Cryptacanthodidae","Cryptacanthodes","Cryptacanthodes maculatus"
"Ctenodiscus crispatus",526,123915,"Ctenodiscus crispatus","Animalia","Echinodermata","Asteroidea","Paxillosida","Ctenodiscidae","Ctenodiscus","Ctenodiscus crispatus"
"Cubiceps gracilis",1,126990,"Cubiceps gracilis","Animalia","Chordata","Actinopteri","Scombriformes","Nomeidae","Cubiceps","Cubiceps gracilis"
"Cubiceps pauciradiatus",1,159424,"Cubiceps pauciradiatus","Animalia","Chordata","Actinopteri","Scombriformes","Nomeidae","Cubiceps","Cubiceps pauciradiatus"
"Cucumaria frondosa",723,124612,"Cucumaria frondosa","Animalia","Echinodermata","Holothuroidea","Dendrochirotida","Cucumariidae","Cucumaria","Cucumaria frondosa"
"Cyanea capillata",79,135301,"Cyanea capillata","Animalia","Cnidaria","Scyphozoa","Semaeostomeae","Cyaneidae","Cyanea","Cyanea capillata"
"Cyclopterus lumpus",546,127214,"Cyclopterus lumpus","Animalia","Chordata","Actinopteri","Perciformes","Cyclopteridae","Cyclopterus","Cyclopterus lumpus"
"Cyrtodaria siliqua",47,140102,"Cyrtodaria siliqua","Animalia","Mollusca","Bivalvia","Adapedonta","Hiatellidae","Cyrtodaria","Cyrtodaria siliqua"
"Cyttopsis rosea",8,127425,"Cyttopsis rosea","Animalia","Chordata","Actinopteri","Zeiformes","Parazenidae","Cyttopsis","Cyttopsis rosea"
"Dendronotus",12,137885,"Dendronotus","Animalia","Mollusca","Gastropoda","Nudibranchia","Dendronotidae","Dendronotus",NA
"Derichthys serpentinus",8,126291,"Derichthys serpentinus","Animalia","Chordata","Actinopteri","Anguilliformes","Derichthyidae","Derichthys","Derichthys serpentinus"
"Desmarestia aculeata",1,145307,"Desmarestia aculeata","Chromista","Ochrophyta","Phaeophyceae","Desmarestiales","Desmarestiaceae","Desmarestia","Desmarestia aculeata"
"Dibranchus atlanticus",44,126558,"Dibranchus atlanticus","Animalia","Chordata","Actinopteri","Lophiiformes","Ogcocephalidae","Dibranchus","Dibranchus atlanticus"
"Dichelopandalus leptocerus",252,158356,"Dichelopandalus leptocerus","Animalia","Arthropoda","Malacostraca","Decapoda","Pandalidae","Dichelopandalus","Dichelopandalus leptocerus"
"Dicrolene introniger",12,275895,"Dicrolene introniger","Animalia","Chordata","Actinopteri","Ophidiiformes","Ophidiidae","Dicrolene","Dicrolene introniger"
"Diplopteraster multipes",67,124128,"Diplopteraster multipes","Animalia","Echinodermata","Asteroidea","Velatida","Pterasteridae","Diplopteraster","Diplopteraster multipes"
"Dipturus laevis",628,158548,"Dipturus laevis","Animalia","Chordata","Elasmobranchii","Rajiformes","Rajidae","Dipturus","Dipturus laevis"
"Drifa glomerata",9,146941,"Drifa glomerata","Animalia","Cnidaria","Anthozoa","Alcyonacea","Nephtheidae","Drifa","Drifa glomerata"
"Duva florida",7,146943,"Duva florida","Animalia","Cnidaria","Anthozoa","Alcyonacea","Nephtheidae","Duva","Duva florida"
"Echinarachnius parma",803,158062,"Echinarachnius parma","Animalia","Echinodermata","Echinoidea","Echinolampadacea","Echinarachniidae","Echinarachnius","Echinarachnius parma"
"Echinus",1,123386,"Echinus","Animalia","Echinodermata","Echinoidea","Camarodonta","Echinidae","Echinus",NA
"Ectreposebastes imus",1,159566,"Ectreposebastes imus","Animalia","Chordata","Actinopteri","Perciformes","Setarchidae","Ectreposebastes","Ectreposebastes imus"
"Enchelyopus cimbrius",1167,126450,"Enchelyopus cimbrius","Animalia","Chordata","Actinopteri","Gadiformes","Lotidae","Enchelyopus","Enchelyopus cimbrius"
"Ensis directus",3,933783,"Ensis directus","Animalia","Mollusca","Bivalvia","Adapedonta","Pharidae","Ensis","Ensis directus"
"Epigonus",7,125967,"Epigonus","Animalia","Chordata","Actinopteri","Acropomatiformes","Epigonidae","Epigonus",NA
"Epimeria loricata",3,102146,"Epimeria loricata","Animalia","Arthropoda","Malacostraca","Amphipoda","Epimeriidae","Epimeria","Epimeria loricata"
"Epizoanthus erdmanni",69,101027,"Epizoanthus erdmanni","Animalia","Cnidaria","Anthozoa","Zoantharia","Epizoanthidae","Epizoanthus","Epizoanthus erdmanni"
"Etmopterus princeps",18,105911,"Etmopterus princeps","Animalia","Chordata","Elasmobranchii","Squaliformes","Etmopteridae","Etmopterus","Etmopterus princeps"
"Etropus microstomus",3,158801,"Etropus microstomus","Animalia","Chordata","Actinopteri","Pleuronectiformes","Paralichthyidae","Etropus","Etropus microstomus"
"Eualus fabricii",36,158357,"Eualus fabricii","Animalia","Arthropoda","Malacostraca","Decapoda","Thoridae","Eualus","Eualus fabricii"
"Eualus gaimardii",38,107504,"Eualus gaimardii","Animalia","Arthropoda","Malacostraca","Decapoda","Thoridae","Eualus","Eualus gaimardii"
"Eualus macilentus",25,158359,"Eualus macilentus","Animalia","Arthropoda","Malacostraca","Decapoda","Thoridae","Eualus","Eualus macilentus"
"Eumesogrammus praecisus",53,159817,"Eumesogrammus praecisus","Animalia","Chordata","Actinopteri","Perciformes","Stichaeidae","Eumesogrammus","Eumesogrammus praecisus"
"Eumicrotremus spinosus",327,127217,"Eumicrotremus spinosus","Animalia","Chordata","Actinopteri","Perciformes","Cyclopteridae","Eumicrotremus","Eumicrotremus spinosus"
"Euphausia",2,110673,"Euphausia","Animalia","Arthropoda","Malacostraca","Euphausiacea","Euphausiidae","Euphausia",NA
"Eurypharynx pelecanoides",15,127165,"Eurypharynx pelecanoides","Animalia","Chordata","Actinopteri","Saccopharyngiformes","Eurypharyngidae","Eurypharynx","Eurypharynx pelecanoides"
"Eusergestes arcticus",84,515738,"Eusergestes arcticus","Animalia","Arthropoda","Malacostraca","Decapoda","Sergestidae","Eusergestes","Eusergestes arcticus"
"Eusirus cuspidatus",1,102199,"Eusirus cuspidatus","Animalia","Arthropoda","Malacostraca","Amphipoda","Eusiridae","Eusirus","Eusirus cuspidatus"
"Evermannella indica",1,126339,"Evermannella indica","Animalia","Chordata","Actinopteri","Aulopiformes","Evermannellidae","Evermannella","Evermannella indica"
"Flabellum",82,135114,"Flabellum","Animalia","Cnidaria","Anthozoa","Scleractinia","Flabellidae","Flabellum",NA
"Flustra foliacea",116,111367,"Flustra foliacea","Animalia","Bryozoa","Gymnolaemata","Cheilostomatida","Flustridae","Flustra","Flustra foliacea"
"Foetorepus agassizi",34,159623,"Foetorepus agassizi","Animalia","Chordata","Actinopteri","Callionymiformes","Callionymidae","Foetorepus","Foetorepus agassizi"
"Fucus distichus",2,145544,"Fucus distichus","Chromista","Ochrophyta","Phaeophyceae","Fucales","Fucaceae","Fucus","Fucus distichus"
"Fucus vesiculosus",10,145548,"Fucus vesiculosus","Chromista","Ochrophyta","Phaeophyceae","Fucales","Fucaceae","Fucus","Fucus vesiculosus"
"Funiculina quadrangularis",8,128506,"Funiculina quadrangularis","Animalia","Cnidaria","Anthozoa","Pennatulacea","Funiculinidae","Funiculina","Funiculina quadrangularis"
"Gadus morhua",10065,126436,"Gadus morhua","Animalia","Chordata","Actinopteri","Gadiformes","Gadidae","Gadus","Gadus morhua"
"Gadus ogac",8,158926,"Gadus ogac","Animalia","Chordata","Actinopteri","Gadiformes","Gadidae","Gadus","Gadus ogac"
"Gaidropsarus",35,125743,"Gaidropsarus","Animalia","Chordata","Actinopteri","Gadiformes","Lotidae","Gaidropsarus",NA
"Gasterosteus aculeatus aculeatus",20,236462,"Gasterosteus aculeatus aculeatus","Animalia","Chordata","Actinopteri","Perciformes","Gasterosteidae","Gasterosteus","Gasterosteus aculeatus"
"Gennadas",11,106813,"Gennadas","Animalia","Arthropoda","Malacostraca","Decapoda","Benthesicymidae","Gennadas",NA
"Gersemia fruticosa",4,156101,"Gersemia fruticosa","Animalia","Cnidaria","Anthozoa","Alcyonacea","Nephtheidae","Gersemia","Gersemia fruticosa"
"Gersemia rubiformis",192,156103,"Gersemia rubiformis","Animalia","Cnidaria","Anthozoa","Alcyonacea","Nephtheidae","Gersemia","Gersemia rubiformis"
"Glycera capitata",2,130118,"Glycera capitata","Animalia","Annelida","Polychaeta","Phyllodocida","Glyceridae","Glycera","Glycera capitata"
"Glyptocephalus cynoglossus",6378,127136,"Glyptocephalus cynoglossus","Animalia","Chordata","Actinopteri","Pleuronectiformes","Pleuronectidae","Glyptocephalus","Glyptocephalus cynoglossus"
"Gnathophausia",20,119826,"Gnathophausia","Animalia","Arthropoda","Malacostraca","Lophogastrida","Gnathophausiidae","Gnathophausia",NA
"Gonatus fabricii",2,153097,"Gonatus fabricii","Animalia","Mollusca","Cephalopoda","Oegopsida","Gonatidae","Gonatus","Gonatus fabricii"
"Gonatus steenstrupi",2,140027,"Gonatus steenstrupi","Animalia","Mollusca","Cephalopoda","Oegopsida","Gonatidae","Gonatus","Gonatus steenstrupi"
"Gonostomatidae",54,125601,"Gonostomatidae","Animalia","Chordata","Actinopteri","Stomiiformes","Gonostomatidae",NA,NA
"Gorgonocephalus",410,123586,"Gorgonocephalus","Animalia","Echinodermata","Ophiuroidea","Euryalida","Gorgonocephalidae","Gorgonocephalus",NA
"Grammatostomias dentatus",1,158731,"Grammatostomias dentatus","Animalia","Chordata","Actinopteri","Stomiiformes","Stomiidae","Grammatostomias","Grammatostomias dentatus"
"Grammicolepis brachiusculus",8,127420,"Grammicolepis brachiusculus","Animalia","Chordata","Actinopteri","Zeiformes","Grammicolepididae","Grammicolepis","Grammicolepis brachiusculus"
"Gymnelis viridis",14,298255,"Gymnelis viridis","Animalia","Chordata","Actinopteri","Perciformes","Zoarcidae","Gymnelis","Gymnelis viridis"
"Gymnocanthus tricuspis",24,127198,"Gymnocanthus tricuspis","Animalia","Chordata","Actinopteri","Perciformes","Cottidae","Gymnocanthus","Gymnocanthus tricuspis"
"Halargyreus johnsonii",3,126489,"Halargyreus johnsonii","Animalia","Chordata","Actinopteri","Gadiformes","Moridae","Halargyreus","Halargyreus johnsonii"
"Halieutichthys aculeatus",3,159190,"Halieutichthys aculeatus","Animalia","Chordata","Actinopteri","Lophiiformes","Ogcocephalidae","Halieutichthys","Halieutichthys aculeatus"
"Halosauropsis macrochir",7,126639,"Halosauropsis macrochir","Animalia","Chordata","Actinopteri","Notacanthiformes","Halosauridae","Halosauropsis","Halosauropsis macrochir"
"Halosaurus guentheri",4,158557,"Halosaurus guentheri","Animalia","Chordata","Actinopteri","Notacanthiformes","Halosauridae","Halosaurus","Halosaurus guentheri"
"Harriotta raleighana",33,105829,"Harriotta raleighana","Animalia","Chordata","Holocephali","Chimaeriformes","Rhinochimaeridae","Harriotta","Harriotta raleighana"
"Helicolenus dactylopterus",951,127251,"Helicolenus dactylopterus","Animalia","Chordata","Actinopteri","Perciformes","Sebastidae","Helicolenus","Helicolenus dactylopterus"
"Heliometra glacialis",6,124223,"Heliometra glacialis","Animalia","Echinodermata","Crinoidea","Comatulida","Antedonidae","Heliometra","Heliometra glacialis"
"Hemitripterus americanus",4708,159518,"Hemitripterus americanus","Animalia","Chordata",NA,"Scorpaeniformes","Hemitripteridae","Hemitripterus","Hemitripterus americanus"
"Henricia",1555,123276,"Henricia","Animalia","Echinodermata","Asteroidea","Spinulosida","Echinasteridae","Henricia",NA
"Heteropolypus",1,345446,"Heteropolypus","Animalia","Cnidaria","Anthozoa","Alcyonacea","Alcyoniidae","Heteropolypus",NA
"Hiatella arctica",11,140103,"Hiatella arctica","Animalia","Mollusca","Bivalvia","Adapedonta","Hiatellidae","Hiatella","Hiatella arctica"
"Hippasteria phrygiana",983,124043,"Hippasteria phrygiana","Animalia","Echinodermata","Asteroidea","Valvatida","Goniasteridae","Hippasteria","Hippasteria phrygiana"
"Hippocampus erectus",1,159445,"Hippocampus erectus","Animalia","Chordata","Actinopteri","Syngnathiformes","Syngnathidae","Hippocampus","Hippocampus erectus"
"Hippoglossina oblonga",607,158833,"Hippoglossina oblonga","Animalia","Chordata","Actinopteri","Pleuronectiformes","Paralichthyidae","Hippoglossina","Hippoglossina oblonga"
"Hippoglossoides platessoides",10492,127137,"Hippoglossoides platessoides","Animalia","Chordata","Actinopteri","Pleuronectiformes","Pleuronectidae","Hippoglossoides","Hippoglossoides platessoides"
"Hippoglossus hippoglossus",2696,127138,"Hippoglossus hippoglossus","Animalia","Chordata","Actinopteri","Pleuronectiformes","Pleuronectidae","Hippoglossus","Hippoglossus hippoglossus"
"Histioteuthis reversa",9,181381,"Histioteuthis reversa","Animalia","Mollusca","Cephalopoda","Oegopsida","Histioteuthidae","Histioteuthis","Histioteuthis reversa"
"Holtbyrnia anomala",5,126739,"Holtbyrnia anomala","Animalia","Chordata","Actinopteri","Alepocephaliformes","Platytroctidae","Holtbyrnia","Holtbyrnia anomala"
"Homarus americanus",2870,156134,"Homarus americanus","Animalia","Arthropoda","Malacostraca","Decapoda","Nephropidae","Homarus","Homarus americanus"
"Homola minima",1,421895,"Homola minima","Animalia","Arthropoda","Malacostraca","Decapoda","Homolidae","Homola","Homola minima"
"Hoplostethus atlanticus",2,126402,"Hoplostethus atlanticus","Animalia","Chordata","Actinopteri","Trachichthyiformes","Trachichthyidae","Hoplostethus","Hoplostethus atlanticus"
"Hormathia nodosa",49,100954,"Hormathia nodosa","Animalia","Cnidaria","Anthozoa","Actiniaria","Hormathiidae","Hormathia","Hormathia nodosa"
"Howella brodiei",1,126994,"Howella brodiei","Animalia","Chordata","Actinopteri","Acropomatiformes","Howellidae","Howella","Howella brodiei"
"Hyalinoecia tubicola",13,130464,"Hyalinoecia tubicola","Animalia","Annelida","Polychaeta","Eunicida","Onuphidae","Hyalinoecia","Hyalinoecia tubicola"
"Hyas araneus",929,107322,"Hyas araneus","Animalia","Arthropoda","Malacostraca","Decapoda","Oregoniidae","Hyas","Hyas araneus"
"Hyas coarctatus",1089,107323,"Hyas coarctatus","Animalia","Arthropoda","Malacostraca","Decapoda","Oregoniidae","Hyas","Hyas coarctatus"
"Hydrolagus affinis",5,105825,"Hydrolagus affinis","Animalia","Chordata","Holocephali","Chimaeriformes","Chimaeridae","Hydrolagus","Hydrolagus affinis"
"Hyperoglyphe perciformis",7,126832,"Hyperoglyphe perciformis","Animalia","Chordata","Actinopteri","Scombriformes","Centrolophidae","Hyperoglyphe","Hyperoglyphe perciformis"
"Icelus",83,126150,"Icelus","Animalia","Chordata","Actinopteri","Perciformes","Cottidae","Icelus",NA
"Ichnopus",3,101614,"Ichnopus","Animalia","Arthropoda","Malacostraca","Amphipoda","Uristidae","Ichnopus",NA
"Idotea",1,118454,"Idotea","Animalia","Arthropoda","Malacostraca","Isopoda","Idoteidae","Idotea",NA
"Illex illecebrosus",6340,153087,"Illex illecebrosus","Animalia","Mollusca","Cephalopoda","Oegopsida","Ommastrephidae","Illex","Illex illecebrosus"
"Ilyophis brunneus",4,126326,"Ilyophis brunneus","Animalia","Chordata","Actinopteri","Anguilliformes","Synaphobranchidae","Ilyophis","Ilyophis brunneus"
"Keratoisis ornata",26,158285,"Keratoisis ornata","Animalia","Cnidaria","Anthozoa","Alcyonacea","Keratoisididae","Keratoisis","Keratoisis ornata"
"Laemonema barbatulum",3,158979,"Laemonema barbatulum","Animalia","Chordata","Actinopteri","Gadiformes","Moridae","Laemonema","Laemonema barbatulum"
"Laminaria digitata",1,145724,"Laminaria digitata","Chromista","Ochrophyta","Phaeophyceae","Laminariales","Laminariaceae","Laminaria","Laminaria digitata"
"Laminaria longicruris",8,157209,"Laminaria longicruris","Chromista","Ochrophyta","Phaeophyceae","Laminariales","Laminariaceae","Laminaria","Laminaria longicruris"
"Lamna nasus",3,105841,"Lamna nasus","Animalia","Chordata","Elasmobranchii","Lamniformes","Lamnidae","Lamna","Lamna nasus"
"Leathesia difformis",1,144953,"Leathesia difformis","Chromista","Ochrophyta","Phaeophyceae","Ectocarpales","Chordariaceae","Leathesia","Leathesia difformis"
"Lebbeus groenlandicus",58,107520,"Lebbeus groenlandicus","Animalia","Arthropoda","Malacostraca","Decapoda","Thoridae","Lebbeus","Lebbeus groenlandicus"
"Lebbeus microceros",1,158362,"Lebbeus microceros","Animalia","Arthropoda","Malacostraca","Decapoda","Thoridae","Lebbeus","Lebbeus microceros"
"Lebbeus polaris",273,107521,"Lebbeus polaris","Animalia","Arthropoda","Malacostraca","Decapoda","Thoridae","Lebbeus","Lebbeus polaris"
"Lebbeus zebra",1,584798,"Lebbeus zebra","Animalia","Arthropoda","Malacostraca","Decapoda","Thoridae","Lebbeus","Lebbeus zebra"
"Lepidion schmidti",1,126496,"Lepidion schmidti","Animalia","Chordata","Actinopteri","Gadiformes","Moridae","Lepidion","Lepidion schmidti"
"Lepophidium profundorum",64,158762,"Lepophidium profundorum","Animalia","Chordata","Actinopteri","Ophidiiformes","Ophidiidae","Lepophidium","Lepophidium profundorum"
"Leptagonus decagonus",495,127191,"Leptagonus decagonus","Animalia","Chordata","Actinopteri","Perciformes","Agonidae","Leptagonus","Leptagonus decagonus"
"Leptasterias",573,123222,"Leptasterias","Animalia","Echinodermata","Asteroidea","Forcipulatida","Asteriidae","Leptasterias",NA
"Leptychaster arcticus",9,123896,"Leptychaster arcticus","Animalia","Echinodermata","Asteroidea","Paxillosida","Astropectinidae","Leptychaster","Leptychaster arcticus"
"Leucoraja erinacea",3014,158551,"Leucoraja erinacea","Animalia","Chordata","Elasmobranchii","Rajiformes","Rajidae","Leucoraja","Leucoraja erinacea"
"Leucoraja ocellata",4176,158553,"Leucoraja ocellata","Animalia","Chordata","Elasmobranchii","Rajiformes","Rajidae","Leucoraja","Leucoraja ocellata"
"Limacina",1,138122,"Limacina","Animalia","Mollusca","Gastropoda","Pteropoda","Limacinidae","Limacina",NA
"Limanda ferruginea",6501,158879,"Limanda ferruginea","Animalia","Chordata","Actinopteri","Pleuronectiformes","Pleuronectidae","Limanda","Limanda ferruginea"
"Liopsetta putnami",1,158882,"Liopsetta putnami","Animalia","Chordata","Actinopteri","Pleuronectiformes","Pleuronectidae","Liopsetta","Liopsetta putnami"
"Liparis atlanticus",132,159524,"Liparis atlanticus","Animalia","Chordata","Actinopteri","Perciformes","Liparidae","Liparis","Liparis atlanticus"
"Liparis coheni",5,159525,"Liparis coheni","Animalia","Chordata","Actinopteri","Perciformes","Liparidae","Liparis","Liparis coheni"
"Liparis fabricii",79,127218,"Liparis fabricii","Animalia","Chordata","Actinopteri","Perciformes","Liparidae","Liparis","Liparis fabricii"
"Liparis gibbus",102,159526,"Liparis gibbus","Animalia","Chordata","Actinopteri","Perciformes","Liparidae","Liparis","Liparis gibbus"
"Liparis inquilinus",19,159528,"Liparis inquilinus","Animalia","Chordata","Actinopteri","Perciformes","Liparidae","Liparis","Liparis inquilinus"
"Liparis liparis liparis",3,293624,"Liparis liparis liparis","Animalia","Chordata","Actinopteri","Perciformes","Liparidae","Liparis","Liparis liparis"
"Liparis tunicatus",5,154825,"Liparis tunicatus","Animalia","Chordata","Actinopteri","Perciformes","Liparidae","Liparis","Liparis tunicatus"
"Lipogenys gillii",2,158559,"Lipogenys gillii","Animalia","Chordata","Actinopteri","Notacanthiformes","Notacanthidae","Lipogenys","Lipogenys gillii"
"Lithodes maja",779,107205,"Lithodes maja","Animalia","Arthropoda","Malacostraca","Decapoda","Lithodidae","Lithodes","Lithodes maja"
"Loligo pealeii",406,157025,"Loligo pealeii","Animalia","Mollusca","Cephalopoda","Myopsida","Loliginidae","Loligo","Loligo pealeii"
"Lophaster furcifer",11,124156,"Lophaster furcifer","Animalia","Echinodermata","Asteroidea","Valvatida","Solasteridae","Lophaster","Lophaster furcifer"
"Lophelia pertusa",4,135161,"Lophelia pertusa","Animalia","Cnidaria","Anthozoa","Scleractinia","Caryophylliidae","Lophelia","Lophelia pertusa"
"Lophius americanus",3218,159184,"Lophius americanus","Animalia","Chordata","Actinopteri","Lophiiformes","Lophiidae","Lophius","Lophius americanus"
"Lopholatilus chamaeleonticeps",3,159406,"Lopholatilus chamaeleonticeps","Animalia","Chordata","Actinopteri","Eupercaria incertae sedis","Malacanthidae","Lopholatilus","Lopholatilus chamaeleonticeps"
"Lumpenus fabricii",9,127073,"Lumpenus fabricii","Animalia","Chordata","Actinopteri","Perciformes","Stichaeidae","Lumpenus","Lumpenus fabricii"
"Lumpenus lumpretaeformis",665,127074,"Lumpenus lumpretaeformis","Animalia","Chordata","Actinopteri","Perciformes","Stichaeidae","Lumpenus","Lumpenus lumpretaeformis"
"Lumpenus maculatus",656,305353,"Lumpenus maculatus","Animalia","Chordata","Actinopteri","Perciformes","Stichaeidae","Lumpenus","Lumpenus maculatus"
"Lumpenus medius",7,156219,"Lumpenus medius","Animalia","Chordata","Actinopteri","Perciformes","Stichaeidae","Lumpenus","Lumpenus medius"
"Lycenchelys paxillus",29,159257,"Lycenchelys paxillus","Animalia","Chordata","Actinopteri","Perciformes","Zoarcidae","Lycenchelys","Lycenchelys paxillus"
"Lycenchelys verrilli",55,402541,"Lycenchelys verrilli","Animalia","Chordata","Actinopteri","Perciformes","Zoarcidae","Lycenchelys","Lycenchelys verrilli"
"Lycodes esmarki",8,159260,"Lycodes esmarki","Animalia","Chordata","Actinopteri","Perciformes","Zoarcidae","Lycodes","Lycodes esmarki"
"Lycodes eudipleurostictus",4,127104,"Lycodes eudipleurostictus","Animalia","Chordata","Actinopteri","Perciformes","Zoarcidae","Lycodes","Lycodes eudipleurostictus"
"Lycodes lavalaei",108,127107,"Lycodes lavalaei","Animalia","Chordata","Actinopteri","Perciformes","Zoarcidae","Lycodes","Lycodes lavalaei"
"Lycodes pallidus",4,127110,"Lycodes pallidus","Animalia","Chordata","Actinopteri","Perciformes","Zoarcidae","Lycodes","Lycodes pallidus"
"Lycodes polaris",5,127111,"Lycodes polaris","Animalia","Chordata","Actinopteri","Perciformes","Zoarcidae","Lycodes","Lycodes polaris"
"Lycodes reticulatus",86,127112,"Lycodes reticulatus","Animalia","Chordata","Actinopteri","Perciformes","Zoarcidae","Lycodes","Lycodes reticulatus"
"Lycodes terraenova",84,127117,"Lycodes terraenovae","Animalia","Chordata","Actinopteri","Perciformes","Zoarcidae","Lycodes","Lycodes terraenovae"
"Lycodes vahlii",939,127118,"Lycodes vahlii","Animalia","Chordata","Actinopteri","Perciformes","Zoarcidae","Lycodes","Lycodes vahlii"
"Macrorhamphosus scolopax",1,217972,"Macrorhamphosus scolopax","Animalia","Chordata","Actinopteri","Syngnathiformes","Centriscidae","Macrorhamphosus","Macrorhamphosus scolopax"
"Macrostomias longibarbatus",1,319026,"Macrostomias longibarbatus","Animalia","Chordata","Actinopteri","Stomiiformes","Stomiidae","Macrostomias","Macrostomias longibarbatus"
"Macrourus berglax",29,126472,"Macrourus berglax","Animalia","Chordata","Actinopteri","Gadiformes","Macrouridae","Macrourus","Macrourus berglax"
"Mactromeris polynyma",14,156863,"Mactromeris polynyma","Animalia","Mollusca","Bivalvia","Venerida","Mactridae","Mactromeris","Mactromeris polynyma"
"Magnisudis atlantica",13,126359,"Magnisudis atlantica","Animalia","Chordata","Actinopteri","Aulopiformes","Paralepididae","Magnisudis","Magnisudis atlantica"
"Malacocephalus occidentalis",4,158741,"Malacocephalus occidentalis","Animalia","Chordata","Actinopteri","Gadiformes","Macrouridae","Malacocephalus","Malacocephalus occidentalis"
"Malacoraja senta",2994,158554,"Malacoraja senta","Animalia","Chordata","Elasmobranchii","Rajiformes","Rajidae","Malacoraja","Malacoraja senta"
"Malacosteus niger",4,127358,"Malacosteus niger","Animalia","Chordata","Actinopteri","Stomiiformes","Stomiidae","Malacosteus","Malacosteus niger"
"Mallotus villosus",1083,126735,"Mallotus villosus","Animalia","Chordata","Actinopteri","Osmeriformes","Osmeridae","Mallotus","Mallotus villosus"
"Margarites",4,138592,"Margarites","Animalia","Mollusca","Gastropoda","Trochida","Margaritidae","Margarites",NA
"Mastigoteuthis",5,138168,"Mastigoteuthis","Animalia","Mollusca","Cephalopoda","Oegopsida","Mastigoteuthidae","Mastigoteuthis",NA
"Maurolicus muelleri",109,127312,"Maurolicus muelleri","Animalia","Chordata","Actinopteri","Stomiiformes","Sternoptychidae","Maurolicus","Maurolicus muelleri"
"Mediaster bairdi",10,124045,"Mediaster bairdi","Animalia","Echinodermata","Asteroidea","Valvatida","Goniasteridae","Mediaster","Mediaster bairdi"
"Melamphaes microps",1,127268,"Melamphaes microps","Animalia","Chordata","Actinopteri","Beryciformes","Melamphaidae","Melamphaes","Melamphaes microps"
"Melamphaes suborbitalis",1,127270,"Melamphaes suborbitalis","Animalia","Chordata","Actinopteri","Beryciformes","Melamphaidae","Melamphaes","Melamphaes suborbitalis"
"Melanogrammus aeglefinus",10310,126437,"Melanogrammus aeglefinus","Animalia","Chordata","Actinopteri","Gadiformes","Gadidae","Melanogrammus","Melanogrammus aeglefinus"
"Melanostigma atlanticum",132,127120,"Melanostigma atlanticum","Animalia","Chordata","Actinopteri","Perciformes","Zoarcidae","Melanostigma","Melanostigma atlanticum"
"Menidia menidia",10,159228,"Menidia menidia","Animalia","Chordata","Actinopteri","Atheriniformes","Atherinopsidae","Menidia","Menidia menidia"
"Mercenaria mercenaria",5,141919,"Mercenaria mercenaria","Animalia","Mollusca","Bivalvia","Venerida","Veneridae","Mercenaria","Mercenaria mercenaria"
"Merluccius albidus",328,158748,"Merluccius albidus","Animalia","Chordata","Actinopteri","Gadiformes","Merlucciidae","Merluccius","Merluccius albidus"
"Merluccius bilinearis",7953,158962,"Merluccius bilinearis","Animalia","Chordata","Actinopteri","Gadiformes","Merlucciidae","Merluccius","Merluccius bilinearis"
"Metridium senile",15,100982,"Metridium senile","Animalia","Cnidaria","Anthozoa","Actiniaria","Metridiidae","Metridium","Metridium senile"
"Microgadus tomcod",46,158928,"Microgadus tomcod","Animalia","Chordata","Actinopteri","Gadiformes","Gadidae","Microgadus","Microgadus tomcod"
"Micromesistius poutassou",3,126439,"Micromesistius poutassou","Animalia","Chordata","Actinopteri","Gadiformes","Gadidae","Micromesistius","Micromesistius poutassou"
"Modiolus modiolus",76,140467,"Modiolus modiolus","Animalia","Mollusca","Bivalvia","Mytilida","Mytilidae","Modiolus","Modiolus modiolus"
"Mola mola",1,127405,"Mola mola","Animalia","Chordata","Actinopteri","Tetraodontiformes","Molidae","Mola","Mola mola"
"Molpadia",7,123540,"Molpadia","Animalia","Echinodermata","Holothuroidea","Molpadida","Molpadiidae","Molpadia",NA
"Monolene sessilicauda",3,159213,"Monolene sessilicauda","Animalia","Chordata","Actinopteri","Pleuronectiformes","Bothidae","Monolene","Monolene sessilicauda"
"Monstrilla",6,119780,"Monstrilla","Animalia","Arthropoda","Copepoda","Monstrilloida","Monstrillidae","Monstrilla",NA
"Munida iris",43,158398,"Munida iris","Animalia","Arthropoda","Malacostraca","Decapoda","Munididae","Munida","Munida iris"
"Munida valida",33,158399,"Munida valida","Animalia","Arthropoda","Malacostraca","Decapoda","Munididae","Munida","Munida valida"
"Munidopsis curvirostra",39,107175,"Munidopsis curvirostra","Animalia","Arthropoda","Malacostraca","Decapoda","Munidopsidae","Munidopsis","Munidopsis curvirostra"
"Musculus",5,138225,"Musculus","Animalia","Mollusca","Bivalvia","Mytilida","Mytilidae","Musculus",NA
"Mustelus canis",1,158518,"Mustelus canis","Animalia","Chordata","Elasmobranchii","Carcharhiniformes","Triakidae","Mustelus","Mustelus canis"
"Mya arenaria",5,140430,"Mya arenaria","Animalia","Mollusca","Bivalvia","Myida","Myidae","Mya","Mya arenaria"
"Mycteroperca",3,126069,"Mycteroperca","Animalia","Chordata","Actinopteri","Perciformes","Serranidae","Mycteroperca",NA
"Myctophidae",715,125498,"Myctophidae","Animalia","Chordata","Actinopteri","Myctophiformes","Myctophidae",NA,NA
"Myoxocephalus",7535,126152,"Myoxocephalus","Animalia","Chordata","Actinopteri","Perciformes","Cottidae","Myoxocephalus",NA
"Mytilus",98,138228,"Mytilus","Animalia","Mollusca","Bivalvia","Mytilida","Mytilidae","Mytilus",NA
"Myxine glutinosa",1171,101170,"Myxine glutinosa","Animalia","Chordata","Myxini","Myxiniformes","Myxinidae","Myxine","Myxine glutinosa"
"Naticidae",512,145,"Naticidae","Animalia","Mollusca","Gastropoda","Littorinimorpha","Naticidae",NA,NA
"Naucrates ductor",1,126811,"Naucrates ductor","Animalia","Chordata","Actinopteri","Carangiformes","Carangidae","Naucrates","Naucrates ductor"
"Nealotus tripes",3,126864,"Nealotus tripes","Animalia","Chordata","Actinopteri","Scombriformes","Gempylidae","Nealotus","Nealotus tripes"
"Nemichthys scolopaceus",131,126306,"Nemichthys scolopaceus","Animalia","Chordata","Actinopteri","Anguilliformes","Nemichthyidae","Nemichthys","Nemichthys scolopaceus"
"Neocyttus helgae",1,127423,"Neocyttus helgae","Animalia","Chordata","Actinopteri","Zeiformes","Oreosomatidae","Neocyttus","Neocyttus helgae"
"Neolithodes grimaldii",22,107206,"Neolithodes grimaldii","Animalia","Arthropoda","Malacostraca","Decapoda","Lithodidae","Neolithodes","Neolithodes grimaldii"
"Neptunea",258,137710,"Neptunea","Animalia","Mollusca","Gastropoda","Neogastropoda","Buccinidae","Neptunea",NA
"Nessorhamphus ingolfianus",13,126292,"Nessorhamphus ingolfianus","Animalia","Chordata","Actinopteri","Anguilliformes","Derichthyidae","Nessorhamphus","Nessorhamphus ingolfianus"
"Nezumia aequalis",2,126473,"Nezumia aequalis","Animalia","Chordata","Actinopteri","Gadiformes","Macrouridae","Nezumia","Nezumia aequalis"
"Nezumia bairdii",1075,183289,"Nezumia bairdii","Animalia","Chordata","Actinopteri","Gadiformes","Macrouridae","Nezumia","Nezumia bairdii"
"Notacanthus chemnitzii",29,126643,"Notacanthus chemnitzii","Animalia","Chordata","Actinopteri","Notacanthiformes","Notacanthidae","Notacanthus","Notacanthus chemnitzii"
"Notolepis rissoi",438,147037,"Notolepis rissoi","Animalia","Chordata","Actinopteri","Aulopiformes","Paralepididae","Notolepis","Notolepis rissoi"
"Nucella lapillus",1,140403,"Nucella lapillus","Animalia","Mollusca","Gastropoda","Neogastropoda","Muricidae","Nucella","Nucella lapillus"
"Nucula",1,138262,"Nucula","Animalia","Mollusca","Bivalvia","Nuculida","Nuculidae","Nucula",NA
"Nymphon",34,134591,"Nymphon","Animalia","Arthropoda","Pycnogonida","Pantopoda","Nymphonidae","Nymphon",NA
"Octopoteuthis",6,138271,"Octopoteuthis","Animalia","Mollusca","Cephalopoda","Oegopsida","Octopoteuthidae","Octopoteuthis",NA
"Oithona spinirostris",1,157737,"Oithona spinirostris","Animalia","Arthropoda","Copepoda","Cyclopoida","Oithonidae","Oithona","Oithona spinirostris"
"Ommastrephes",16,138279,"Ommastrephes","Animalia","Mollusca","Cephalopoda","Oegopsida","Ommastrephidae","Ommastrephes",NA
"Omosudis lowii",5,272087,"Omosudis lowii","Animalia","Chordata","Actinopteri","Aulopiformes","Omosudidae","Omosudis","Omosudis lowii"
"Oncopagurus",1,106856,"Oncopagurus","Animalia","Arthropoda","Malacostraca","Decapoda","Parapaguridae","Oncopagurus",NA
"Oneirodes",1,125811,"Oneirodes","Animalia","Chordata","Actinopteri","Lophiiformes","Oneirodidae","Oneirodes",NA
"Ophelia",1,129413,"Ophelia","Animalia","Annelida","Polychaeta",NA,"Opheliidae","Ophelia",NA
"Ophiacantha abyssicola",20,124973,"Ophiacantha abyssicola","Animalia","Echinodermata","Ophiuroidea","Ophiacanthida","Ophiacanthidae","Ophiacantha","Ophiacantha abyssicola"
"Ophiacantha bidentata",39,124978,"Ophiacantha bidentata","Animalia","Echinodermata","Ophiuroidea","Ophiacanthida","Ophiacanthidae","Ophiacantha","Ophiacantha bidentata"
"Ophichthus cruentifer",4,158644,"Ophichthus cruentifer","Animalia","Chordata","Actinopteri","Anguilliformes","Ophichthidae","Ophichthus","Ophichthus cruentifer"
"Ophiomusa lymani",1,245559,"Ophiomusa lymani","Animalia","Echinodermata","Ophiuroidea","Ophiurida","Ophiomusaidae","Ophiomusa","Ophiomusa lymani"
"Ophiopholis aculeata",269,125125,"Ophiopholis aculeata","Animalia","Echinodermata","Ophiuroidea","Amphilepidida","Ophiopholidae","Ophiopholis","Ophiopholis aculeata"
"Ophiura",191,123574,"Ophiura","Animalia","Echinodermata","Ophiuroidea","Ophiurida","Ophiuridae","Ophiura",NA
"Oplophorus spinosus",3,107602,"Oplophorus spinosus","Animalia","Arthropoda","Malacostraca","Decapoda","Oplophoridae","Oplophorus","Oplophorus spinosus"
"Osmerus mordax mordax",110,293649,"Osmerus mordax mordax","Animalia","Chordata","Actinopteri","Osmeriformes","Osmeridae","Osmerus","Osmerus mordax"
"Ovalipes ocellatus",3,158434,"Ovalipes ocellatus","Animalia","Arthropoda","Malacostraca","Decapoda","Ovalipidae","Ovalipes","Ovalipes ocellatus"
"Pachycerianthus borealis",12,283816,"Pachycerianthus borealis","Animalia","Cnidaria","Anthozoa","Spirularia","Cerianthidae","Pachycerianthus","Pachycerianthus borealis"
"Pagurus",320,106854,"Pagurus","Animalia","Arthropoda","Malacostraca","Decapoda","Paguridae","Pagurus",NA
"Palmaria palmata",7,145771,"Palmaria palmata","Plantae",NA,"Florideophyceae","Palmariales","Palmariaceae","Palmaria","Palmaria palmata"
"Pandalus borealis",1149,107649,"Pandalus borealis","Animalia","Arthropoda","Malacostraca","Decapoda","Pandalidae","Pandalus","Pandalus borealis"
"Pandalus montagui",2740,107651,"Pandalus montagui","Animalia","Arthropoda","Malacostraca","Decapoda","Pandalidae","Pandalus","Pandalus montagui"
"Pandora gouldiana",2,156932,"Pandora gouldiana","Animalia","Mollusca","Bivalvia",NA,"Pandoridae","Pandora","Pandora gouldiana"
"Parablennius marmoreus",1,159609,"Parablennius marmoreus","Animalia","Chordata","Actinopteri","Blenniiformes","Blenniidae","Parablennius","Parablennius marmoreus"
"Paragorgia arborea",51,125418,"Paragorgia arborea","Animalia","Cnidaria","Anthozoa","Alcyonacea","Paragorgiidae","Paragorgia","Paragorgia arborea"
"Paralepis atlantica",23,299959,"Paralepis atlantica","Animalia","Chordata","Actinopteri","Aulopiformes","Paralepididae","Paralepis","Paralepis atlantica"
"Paralepis elongata",2,158874,"Paralepis elongata","Animalia","Chordata","Actinopteri","Aulopiformes","Paralepididae","Paralepis","Paralepis elongata"
"Paralichthys dentatus",96,158826,"Paralichthys dentatus","Animalia","Chordata","Actinopteri","Pleuronectiformes","Paralichthyidae","Paralichthys","Paralichthys dentatus"
"Paraliparis calidus",13,159529,"Paraliparis calidus","Animalia","Chordata","Actinopteri","Perciformes","Liparidae","Paraliparis","Paraliparis calidus"
"Paraliparis copei",43,159530,"Paraliparis copei","Animalia","Chordata","Actinopteri","Perciformes","Liparidae","Paraliparis","Paraliparis copei"
"Paraliparis garmani",2,159531,"Paraliparis garmani","Animalia","Chordata","Actinopteri","Perciformes","Liparidae","Paraliparis","Paraliparis garmani"
"Parapasiphae sulcatifrons",12,107673,"Parapasiphae sulcatifrons","Animalia","Arthropoda","Malacostraca","Decapoda","Pasiphaeidae","Parapasiphae","Parapasiphae sulcatifrons"
"Parasudis truculenta",66,158868,"Parasudis truculenta","Animalia","Chordata","Actinopteri","Aulopiformes","Chlorophthalmidae","Parasudis","Parasudis truculenta"
"Parathemisto",6,147082,"Parathemisto","Animalia","Arthropoda","Malacostraca","Amphipoda","Hyperiidae","Parathemisto",NA
"Pasiphaea multidentata",351,107676,"Pasiphaea multidentata","Animalia","Arthropoda","Malacostraca","Decapoda","Pasiphaeidae","Pasiphaea","Pasiphaea multidentata"
"Pasiphaea tarda",35,107678,"Pasiphaea tarda","Animalia","Arthropoda","Malacostraca","Decapoda","Pasiphaeidae","Pasiphaea","Pasiphaea tarda"
"Pelagia noctiluca",13,135305,"Pelagia noctiluca","Animalia","Cnidaria","Scyphozoa","Semaeostomeae","Pelagiidae","Pelagia","Pelagia noctiluca"
"Pennatula aculeata",56,128515,"Pennatula aculeata","Animalia","Cnidaria","Anthozoa","Pennatulacea","Pennatulidae","Pennatula","Pennatula aculeata"
"Pennatula grandis",6,128516,"Pennatula grandis","Animalia","Cnidaria","Anthozoa","Pennatulacea","Pennatulidae","Pennatula","Pennatula grandis"
"Pentamera calcigera",1,124655,"Pentamera calcigera","Animalia","Echinodermata","Holothuroidea","Dendrochirotida","Phyllophoridae","Pentamera","Pentamera calcigera"
"Peprilus triacanthus",972,159828,"Peprilus triacanthus","Animalia","Chordata","Actinopteri","Perciformes","Stromateidae","Peprilus","Peprilus triacanthus"
"Periphylla periphylla",6,135294,"Periphylla periphylla","Animalia","Cnidaria","Scyphozoa","Coronatae","Periphyllidae","Periphylla","Periphylla periphylla"
"Peristedion miniatum",22,159550,"Peristedion miniatum","Animalia","Chordata","Actinopteri","Perciformes","Peristediidae","Peristedion","Peristedion miniatum"
"Petromyzon marinus",130,101174,"Petromyzon marinus","Animalia","Chordata","Petromyzonti","Petromyzontiformes","Petromyzontidae","Petromyzon","Petromyzon marinus"
"Pholis fasciata",7,159846,"Pholis fasciata","Animalia","Chordata","Actinopteri","Perciformes","Pholidae","Pholis","Pholis fasciata"
"Pholis gunnellus",30,126996,"Pholis gunnellus","Animalia","Chordata","Actinopteri","Perciformes","Pholidae","Pholis","Pholis gunnellus"
"Photostomias guernei",1,127372,"Photostomias guernei","Animalia","Chordata","Actinopteri","Stomiiformes","Stomiidae","Photostomias","Photostomias guernei"
"Phronima",13,101804,"Phronima","Animalia","Arthropoda","Malacostraca","Amphipoda","Phronimidae","Phronima",NA
"Plesionika martia",4,107661,"Plesionika martia","Animalia","Arthropoda","Malacostraca","Decapoda","Pandalidae","Plesionika","Plesionika martia"
"Plutonaster agassizi",5,123639,"Plutonaster agassizi","Animalia","Echinodermata","Asteroidea","Paxillosida","Astropectinidae","Plutonaster","Plutonaster agassizi"
"Pollachius virens",4591,126441,"Pollachius virens","Animalia","Chordata","Actinopteri","Gadiformes","Gadidae","Pollachius","Pollachius virens"
"Polyacanthonotus rissoanus",3,126645,"Polyacanthonotus rissoanus","Animalia","Chordata","Actinopteri","Notacanthiformes","Notacanthidae","Polyacanthonotus","Polyacanthonotus rissoanus"
"Polycheles sculptus",10,183356,"Polycheles sculptus","Animalia","Arthropoda","Malacostraca","Decapoda","Polychelidae","Polycheles","Polycheles sculptus"
"Polyipnus clarus",32,158840,"Polyipnus clarus","Animalia","Chordata","Actinopteri","Stomiiformes","Sternoptychidae","Polyipnus","Polyipnus clarus"
"Polymetme corythaeola",1,127300,"Polymetme corythaeola","Animalia","Chordata","Actinopteri","Stomiiformes","Phosichthyidae","Polymetme","Polymetme corythaeola"
"Polymixia lowei",31,158923,"Polymixia lowei","Animalia","Chordata","Actinopteri","Polymixiiformes","Polymixiidae","Polymixia","Polymixia lowei"
"Polymixia nobilis",11,127163,"Polymixia nobilis","Animalia","Chordata","Actinopteri","Polymixiiformes","Polymixiidae","Polymixia","Polymixia nobilis"
"Polynoidae",107,939,"Polynoidae","Animalia","Annelida","Polychaeta","Phyllodocida","Polynoidae",NA,NA
"Pontaster",30,123244,"Pontaster","Animalia","Echinodermata","Asteroidea","Notomyotida","Benthopectinidae","Pontaster",NA
"Pontophilus norvegicus",207,107563,"Pontophilus norvegicus","Animalia","Arthropoda","Malacostraca","Decapoda","Crangonidae","Pontophilus","Pontophilus norvegicus"
"Porania pulvillus",312,125166,"Porania (Porania) pulvillus","Animalia","Echinodermata","Asteroidea","Valvatida","Poraniidae","Porania","Porania (Porania) pulvillus"
"Poraniomorpha",171,123321,"Poraniomorpha","Animalia","Echinodermata","Asteroidea","Valvatida","Poraniidae","Poraniomorpha",NA
"Porifera",2495,558,"Porifera","Animalia","Porifera",NA,NA,NA,NA,NA
"Poromitra crassiceps",1,127273,"Poromitra crassiceps","Animalia","Chordata","Actinopteri","Beryciformes","Melamphaidae","Poromitra","Poromitra crassiceps"
"Potamilla neglecta",1,130954,"Potamilla neglecta","Animalia","Annelida","Polychaeta","Sabellida","Sabellidae","Potamilla","Potamilla neglecta"
"Primnoa resedaeformis",17,125411,"Primnoa resedaeformis","Animalia","Cnidaria","Anthozoa","Alcyonacea","Primnoidae","Primnoa","Primnoa resedaeformis"
"Prionotus carolinus",51,159571,"Prionotus carolinus","Animalia","Chordata","Actinopteri","Perciformes","Triglidae","Prionotus","Prionotus carolinus"
"Pseudarchaster parelii",252,124085,"Pseudarchaster parelii","Animalia","Echinodermata","Asteroidea","Paxillosida","Pseudarchasteridae","Pseudarchaster","Pseudarchaster parelii"
"Pseudopleuronectes americanus",3155,158885,"Pseudopleuronectes americanus","Animalia","Chordata","Actinopteri","Pleuronectiformes","Pleuronectidae","Pseudopleuronectes","Pseudopleuronectes americanus"
"Pseudoscopelus",1,125958,"Pseudoscopelus","Animalia","Chordata","Actinopteri","Scombriformes","Chiasmodontidae","Pseudoscopelus",NA
"Psilaster andromeda",323,123908,"Psilaster andromeda","Animalia","Echinodermata","Asteroidea","Paxillosida","Astropectinidae","Psilaster","Psilaster andromeda"
"Psolus fabricii",4,124703,"Psolus fabricii","Animalia","Echinodermata","Holothuroidea","Dendrochirotida","Psolidae","Psolus","Psolus fabricii"
"Psolus phantapus",17,124710,"Psolus phantapus","Animalia","Echinodermata","Holothuroidea","Dendrochirotida","Psolidae","Psolus","Psolus phantapus"
"Pteraster militaris",298,124147,"Pteraster militaris","Animalia","Echinodermata","Asteroidea","Velatida","Pterasteridae","Pteraster","Pteraster militaris"
"Pteraster pulvillus",75,124151,"Pteraster pulvillus","Animalia","Echinodermata","Asteroidea","Velatida","Pterasteridae","Pteraster","Pteraster pulvillus"
"Pterygioteuthis",1,138422,"Pterygioteuthis","Animalia","Mollusca","Cephalopoda","Oegopsida","Pyroteuthidae","Pterygioteuthis",NA
"Puffinus gravis",1,137201,"Puffinus gravis","Animalia","Chordata","Aves","Procellariiformes","Procellariidae","Puffinus","Puffinus gravis"
"Pycnogonum littorale",19,134744,"Pycnogonum littorale","Animalia","Arthropoda","Pycnogonida","Pantopoda","Pycnogonidae","Pycnogonum","Pycnogonum littorale"
"Radicipes gracilis",22,125357,"Radicipes gracilis","Animalia","Cnidaria","Anthozoa","Alcyonacea","Chrysogorgiidae","Radicipes","Radicipes gracilis"
"Raja bathyphila",1,298861,"Raja bathyphila","Animalia","Chordata","Elasmobranchii","Rajiformes","Rajidae","Raja","Raja bathyphila"
"Raja eglanteria",4,158556,"Raja eglanteria","Animalia","Chordata","Elasmobranchii","Rajiformes","Rajidae","Raja","Raja eglanteria"
"Raja garmani",3,298918,"Raja garmani","Animalia","Chordata","Elasmobranchii","Rajiformes","Rajidae","Raja","Raja garmani"
"Rajella fyllae",29,105894,"Rajella fyllae","Animalia","Chordata","Elasmobranchii","Rajiformes","Rajidae","Rajella","Rajella fyllae"
"Reinhardtius hippoglossoides",1268,127144,"Reinhardtius hippoglossoides","Animalia","Chordata","Actinopteri","Pleuronectiformes","Pleuronectidae","Reinhardtius","Reinhardtius hippoglossoides"
"Remora brachyptera",1,126851,"Remora brachyptera","Animalia","Chordata","Actinopteri","Carangiformes","Echeneidae","Remora","Remora brachyptera"
"Rhachotropis aculeata",13,102224,"Rhachotropis aculeata","Animalia","Arthropoda","Malacostraca","Amphipoda","Eusiridae","Rhachotropis","Rhachotropis aculeata"
"Rhinochimaera atlantica",26,105830,"Rhinochimaera atlantica","Animalia","Chordata","Holocephali","Chimaeriformes","Rhinochimaeridae","Rhinochimaera","Rhinochimaera atlantica"
"Rondeletia loricata",4,126412,"Rondeletia loricata","Animalia","Chordata","Actinopteri","Beryciformes","Rondeletiidae","Rondeletia","Rondeletia loricata"
"Rossia",7,602300,"Rossia","Chromista","Ochrophyta","Bacillariophyceae","Naviculales","Sellaphoraceae","Rossia",NA
"Rouleina attrita",4,126709,"Rouleina attrita","Animalia","Chordata","Actinopteri","Alepocephaliformes","Alepocephalidae","Rouleina","Rouleina attrita"
"Rouleina maderensis",1,126710,"Rouleina maderensis","Animalia","Chordata","Actinopteri","Alepocephaliformes","Alepocephalidae","Rouleina","Rouleina maderensis"
"Sabinea sarsii",36,107566,"Sabinea sarsii","Animalia","Arthropoda","Malacostraca","Decapoda","Crangonidae","Sabinea","Sabinea sarsii"
"Sabinea septemcarinata",22,107567,"Sabinea septemcarinata","Animalia","Arthropoda","Malacostraca","Decapoda","Crangonidae","Sabinea","Sabinea septemcarinata"
"Saccorhiza dermatodea",1,145734,"Saccorhiza dermatodea","Chromista","Ochrophyta","Phaeophyceae","Tilopteridales","Phyllariaceae","Saccorhiza","Saccorhiza dermatodea"
"Salmo salar",2,127186,"Salmo salar","Animalia","Chordata","Actinopteri","Salmoniformes","Salmonidae","Salmo","Salmo salar"
"Saurida brasiliensis",2,158756,"Saurida brasiliensis","Animalia","Chordata","Actinopteri","Aulopiformes","Synodontidae","Saurida","Saurida brasiliensis"
"Scaphander punctostriatus",16,139490,"Scaphander punctostriatus","Animalia","Mollusca","Gastropoda","Cephalaspidea","Scaphandridae","Scaphander","Scaphander punctostriatus"
"Sclerasterias tanneri",58,178806,"Sclerasterias tanneri","Animalia","Echinodermata","Asteroidea","Forcipulatida","Asteriidae","Sclerasterias","Sclerasterias tanneri"
"Sclerocrangon boreas",81,107568,"Sclerocrangon boreas","Animalia","Arthropoda","Malacostraca","Decapoda","Crangonidae","Sclerocrangon","Sclerocrangon boreas"
"Scomber scombrus",1738,127023,"Scomber scombrus","Animalia","Chordata","Actinopteri","Scombriformes","Scombridae","Scomber","Scomber scombrus"
"Scomberesox saurus saurus",57,236461,"Scomberesox saurus saurus","Animalia","Chordata","Actinopteri","Beloniformes","Scomberesocidae","Scomberesox","Scomberesox saurus"
"Scopelarchus analis",1,126367,"Scopelarchus analis","Animalia","Chordata","Actinopteri","Aulopiformes","Scopelarchidae","Scopelarchus","Scopelarchus analis"
"Scopeloberyx robustus",1,127276,"Scopeloberyx robustus","Animalia","Chordata","Actinopteri","Beryciformes","Melamphaidae","Scopeloberyx","Scopeloberyx robustus"
"Scopelogadus beanii",25,127278,"Scopelogadus beanii","Animalia","Chordata","Actinopteri","Beryciformes","Melamphaidae","Scopelogadus","Scopelogadus beanii"
"Scopelosaurus lepidus",10,126349,"Scopelosaurus lepidus","Animalia","Chordata","Actinopteri","Aulopiformes","Notosudidae","Scopelosaurus","Scopelosaurus lepidus"
"Scophthalmus aquosus",1771,158907,"Scophthalmus aquosus","Animalia","Chordata","Actinopteri","Pleuronectiformes","Scophthalmidae","Scophthalmus","Scophthalmus aquosus"
"Scyliorhinus retifer",2,158516,"Scyliorhinus retifer","Animalia","Chordata","Elasmobranchii","Carcharhiniformes","Scyliorhinidae","Scyliorhinus","Scyliorhinus retifer"
"Sebastes",6227,126175,"Sebastes","Animalia","Chordata","Actinopteri","Perciformes","Sebastidae","Sebastes",NA
"Selar crumenophthalmus",1,159646,"Selar crumenophthalmus","Animalia","Chordata","Actinopteri","Carangiformes","Carangidae","Selar","Selar crumenophthalmus"
"Sergia robusta",30,107136,"Sergia robusta","Animalia","Arthropoda","Malacostraca","Decapoda","Sergestidae","Sergia","Sergia robusta"
"Seriola dumerili",1,126816,"Seriola dumerili","Animalia","Chordata","Actinopteri","Carangiformes","Carangidae","Seriola","Seriola dumerili"
"Serripes groenlandicus",8,582749,"Serripes groenlandicus","Animalia","Mollusca","Bivalvia","Cardiida","Cardiidae","Serripes","Serripes groenlandicus"
"Serrivomer beanii",42,126319,"Serrivomer beanii","Animalia","Chordata","Actinopteri","Anguilliformes","Serrivomeridae","Serrivomer","Serrivomer beanii"
"Sertularia polyzonias",13,152089,"Sertularia polyzonias","Animalia","Cnidaria","Hydrozoa","Leptothecata","Sertulariidae","Sertularia","Sertularia polyzonias"
"Setarches guentheri",2,127258,"Setarches guentheri","Animalia","Chordata","Actinopteri","Perciformes","Setarchidae","Setarches","Setarches guentheri"
"Siliqua",1,159997,"Siliqua","Animalia","Mollusca","Bivalvia","Adapedonta","Pharidae","Siliqua",NA
"Simenchelys parasitica",35,126327,"Simenchelys parasitica","Animalia","Chordata","Actinopteri","Anguilliformes","Synaphobranchidae","Simenchelys","Simenchelys parasitica"
"Solaster endeca",566,124160,"Solaster endeca","Animalia","Echinodermata","Asteroidea","Valvatida","Solasteridae","Solaster","Solaster endeca"
"Solemya borealis",1,156992,"Solemya borealis","Animalia","Mollusca","Bivalvia","Solemyida","Solemyidae","Solemya","Solemya borealis"
"Sphoeroides maculatus",4,158934,"Sphoeroides maculatus","Animalia","Chordata","Actinopteri","Tetraodontiformes","Tetraodontidae","Sphoeroides","Sphoeroides maculatus"
"Spinolambrus pourtalesii",4,442342,"Spinolambrus pourtalesii","Animalia","Arthropoda","Malacostraca","Decapoda","Parthenopidae","Spinolambrus","Spinolambrus pourtalesii"
"Spirontocaris fabricii",1,579998,"Spirontocaris fabricii","Animalia","Arthropoda","Malacostraca","Decapoda","Thoridae","Spirontocaris","Spirontocaris fabricii"
"Spirontocaris liljeborgii",157,107531,"Spirontocaris liljeborgii","Animalia","Arthropoda","Malacostraca","Decapoda","Thoridae","Spirontocaris","Spirontocaris liljeborgii"
"Spirontocaris phippsii",16,107532,"Spirontocaris phippsii","Animalia","Arthropoda","Malacostraca","Decapoda","Thoridae","Spirontocaris","Spirontocaris phippsii"
"Spirontocaris spinus",102,107533,"Spirontocaris spinus","Animalia","Arthropoda","Malacostraca","Decapoda","Thoridae","Spirontocaris","Spirontocaris spinus"
"Spisula solidissima",17,156996,"Spisula solidissima","Animalia","Mollusca","Bivalvia","Venerida","Mactridae","Spisula","Spisula solidissima"
"Squalus acanthias",3709,105923,"Squalus acanthias","Animalia","Chordata","Elasmobranchii","Squaliformes","Squalidae","Squalus","Squalus acanthias"
"Stegocephalus inflatus",3,103105,"Stegocephalus inflatus","Animalia","Arthropoda","Malacostraca","Amphipoda","Stegocephalidae","Stegocephalus","Stegocephalus inflatus"
"Stenotomus chrysops",7,159811,"Stenotomus chrysops","Animalia","Chordata","Actinopteri","Eupercaria incertae sedis","Sparidae","Stenotomus","Stenotomus chrysops"
"Stephanasterias albula",1,123808,"Stephanasterias albula","Animalia","Echinodermata","Asteroidea","Forcipulatida","Asteriidae","Stephanasterias","Stephanasterias albula"
"Stephanolepis hispidus",4,127409,"Stephanolepis hispidus","Animalia","Chordata","Actinopteri","Tetraodontiformes","Monacanthidae","Stephanolepis","Stephanolepis hispidus"
"Stereoderma unisemita",6,158488,"Stereoderma unisemita","Animalia","Echinodermata","Holothuroidea","Dendrochirotida","Cucumariidae","Stereoderma","Stereoderma unisemita"
"Stereomastis sculpta",4,107700,"Stereomastis sculpta","Animalia","Arthropoda","Malacostraca","Decapoda","Polychelidae","Stereomastis","Stereomastis sculpta"
"Sternoptyx diaphana",9,127314,"Sternoptyx diaphana","Animalia","Chordata","Actinopteri","Stomiiformes","Sternoptychidae","Sternoptyx","Sternoptyx diaphana"
"Stichaeus punctatus",2,159819,"Stichaeus punctatus","Animalia","Chordata","Actinopteri","Perciformes","Stichaeidae","Stichaeus","Stichaeus punctatus"
"Stomias boa ferox",144,158737,"Stomias boa ferox","Animalia","Chordata","Actinopteri","Stomiiformes","Stomiidae","Stomias","Stomias boa"
"Stomphia coccinea",5,100854,"Stomphia coccinea","Animalia","Cnidaria","Anthozoa","Actiniaria","Actinostolidae","Stomphia","Stomphia coccinea"
"Strongylocentrotus",2114,123390,"Strongylocentrotus","Animalia","Echinodermata","Echinoidea","Camarodonta","Strongylocentrotidae","Strongylocentrotus",NA
"Symphurus diomedeanus",80,159358,"Symphurus diomedeanus","Animalia","Chordata","Actinopteri","Pleuronectiformes","Cynoglossidae","Symphurus","Symphurus diomedeanus"
"Synagrops bella",4,401231,"Synagrops bella","Animalia","Chordata","Actinopteri","Acropomatiformes","Acropomatidae","Synagrops","Synagrops bella"
"Synaphobranchus kaupi",136,158666,"Synaphobranchus kaupi","Animalia","Chordata","Actinopteri","Anguilliformes","Synaphobranchidae","Synaphobranchus","Synaphobranchus kaupi"
"Syngnathus fuscus",49,159451,"Syngnathus fuscus","Animalia","Chordata","Actinopteri","Syngnathiformes","Syngnathidae","Syngnathus","Syngnathus fuscus"
"Syscenus infelix",5,156446,"Syscenus infelix","Animalia","Arthropoda","Malacostraca","Isopoda","Aegidae","Syscenus","Syscenus infelix"
"Tautogolabrus adspersus",370,159785,"Tautogolabrus adspersus","Animalia","Chordata","Actinopteri","Eupercaria incertae sedis","Labridae","Tautogolabrus","Tautogolabrus adspersus"
"Tealia felina",11,100798,"Tealia felina","Animalia","Cnidaria","Anthozoa","Actiniaria","Actiniidae","Tealia","Tealia felina"
"Terebratulina septentrionalis",18,104056,"Terebratulina septentrionalis","Animalia","Brachiopoda","Rhynchonellata","Terebratulida","Cancellothyrididae","Terebratulina","Terebratulina septentrionalis"
"Teuthowenia megalops",3,139429,"Teuthowenia megalops","Animalia","Mollusca","Cephalopoda","Oegopsida","Cranchiidae","Teuthowenia","Teuthowenia megalops"
"Thyonella pervicax",3,422527,"Thyonella pervicax","Animalia","Echinodermata","Holothuroidea","Dendrochirotida","Cucumariidae","Thyonella","Thyonella pervicax"
"Thysanoessa raschii",4,110711,"Thysanoessa raschii","Animalia","Arthropoda","Malacostraca","Euphausiacea","Euphausiidae","Thysanoessa","Thysanoessa raschii"
"Torpedo nobiliana",18,157868,"Torpedo nobiliana","Animalia","Chordata","Elasmobranchii","Torpediniformes","Torpedinidae","Torpedo","Torpedo nobiliana"
"Trachyrincus murrayi",27,126481,"Trachyrincus murrayi","Animalia","Chordata","Actinopteri","Gadiformes","Macrouridae","Trachyrincus","Trachyrincus murrayi"
"Tremaster mirabilis",2,124002,"Tremaster mirabilis","Animalia","Echinodermata","Asteroidea","Valvatida","Asterinidae","Tremaster","Tremaster mirabilis"
"Triglops",2134,126154,"Triglops","Animalia","Chordata","Actinopteri","Perciformes","Cottidae","Triglops",NA
"Ulva",5,144296,"Ulva","Plantae",NA,"Ulvophyceae","Ulvales","Ulvaceae","Ulva",NA
"Ulvaria subbifurcata",225,159821,"Ulvaria subbifurcata","Animalia","Chordata","Actinopteri","Perciformes","Stichaeidae","Ulvaria","Ulvaria subbifurcata"
"Urasterias lincki",53,123815,"Urasterias lincki","Animalia","Echinodermata","Asteroidea","Forcipulatida","Asteriidae","Urasterias","Urasterias lincki"
"Urophycis chesteri",1466,301114,"Urophycis chesteri","Animalia","Chordata","Actinopteri","Gadiformes","Phycidae","Urophycis","Urophycis chesteri"
"Urophycis chuss",3864,126503,"Urophycis chuss","Animalia","Chordata","Actinopteri","Gadiformes","Phycidae","Urophycis","Urophycis chuss"
"Urophycis regia",34,158991,"Urophycis regia","Animalia","Chordata","Actinopteri","Gadiformes","Phycidae","Urophycis","Urophycis regia"
"Urophycis tenuis",5523,126504,"Urophycis tenuis","Animalia","Chordata","Actinopteri","Gadiformes","Phycidae","Urophycis","Urophycis tenuis"
"Vazella pourtalesi",141,172121,"Vazella pourtalesii","Animalia","Porifera","Hexactinellida","Lyssacinosida","Rossellidae","Vazella","Vazella pourtalesii"
"Velutinidae",1,143,"Velutinidae","Animalia","Mollusca","Gastropoda","Littorinimorpha","Velutinidae",NA,NA
"Venefica procera",2,158593,"Venefica procera","Animalia","Chordata","Actinopteri","Anguilliformes","Nettastomatidae","Venefica","Venefica procera"
"Venericardia borealis",4,546035,"Venericardia borealis","Animalia","Mollusca","Bivalvia","Carditida","Carditidae","Venericardia","Venericardia borealis"
"Venus mercenaria",6,366872,"Venus mercenaria","Animalia","Mollusca","Bivalvia","Venerida","Veneridae","Venus","Venus mercenaria"
"Vinciguerria nimbaria",1,127303,"Vinciguerria nimbaria","Animalia","Chordata","Actinopteri","Stomiiformes","Phosichthyidae","Vinciguerria","Vinciguerria nimbaria"
"Vomer setapinnis",3,322385,"Vomer setapinnis","Animalia","Chordata","Actinopteri","Carangiformes","Carangidae","Vomer","Vomer setapinnis"
"Xenodermichthys copei",6,126714,"Xenodermichthys copei","Animalia","Chordata","Actinopteri","Alepocephaliformes","Alepocephalidae","Xenodermichthys","Xenodermichthys copei"
"Xenolepidichthys dalgleishi",5,159432,"Xenolepidichthys dalgleishi","Animalia","Chordata","Actinopteri","Zeiformes","Grammicolepididae","Xenolepidichthys","Xenolepidichthys dalgleishi"
"Xiphias gladius",2,127094,"Xiphias gladius","Animalia","Chordata","Actinopteri","Carangiformes","Xiphiidae","Xiphias","Xiphias gladius"
"Yoldia",1,138672,"Yoldia","Animalia","Mollusca","Bivalvia","Nuculanida","Yoldiidae","Yoldia",NA
"Zenopsis ocellata",65,307180,"Zenopsis ocellata","Animalia","Chordata","Actinopteri","Zeiformes","Zeidae","Zenopsis","Zenopsis ocellata"
"Zoarces americanus",3132,159267,"Zoarces americanus","Animalia","Chordata","Actinopteri","Perciformes","Zoarcidae","Zoarces","Zoarces americanus"
"Zostera marina",1,495077,"Zostera marina","Plantae",NA,"Magnoliopsida","Alismatales","Zosteraceae","Zostera","Zostera marina"
